y,y/(L/2),t=1,t=2,t=3,t=4,t=5,t=6,t=7,t=8,t=9,t=10,t=11,t=12,t=13,t=14,t=15,t=16,t=17,t=18,t=19,t=20,t=21,t=22,t=23,t=24,t=25,t=26,t=27,t=28,t=29,t=30,t=31,t=32,t=33,t=34,t=35,t=36,t=37,t=38,t=39,t=40,t=41,t=42,t=43,t=44,t=45,t=46,t=47,t=48,t=49,t=50,t=51,t=52,t=53,t=54,t=55,t=56,t=57,t=58,t=59,t=60,t=61,t=62,t=63,t=64,t=65,t=66,t=67,t=68,t=69,t=70,t=71,t=72,t=73,t=74,t=75,t=76,t=77,t=78,t=79,t=80,t=81,t=82,t=83,t=84,t=85,t=86,t=87,t=88,t=89,t=90,t=91,t=92,t=93,t=94,t=95,t=96,t=97,t=98,t=99,t=100
0,0,0.126837,0.727889,1.11975,1.02192,0.98748,0.978484,0.988122,1.07028,0.742359,0.615576,0.681126,0.710941,0.717492,0.717787,0.717088,0.703032,0.701819,0.701718,0.701965,0.699428,0.698727,0.693959,0.683289,0.645157,0.431294,0.000844469,0.33158,0.412615,0.396177,0.395117,0.410751,0.424931,0.435202,0.442247,0.443816,0.447391,0.452208,0.456381,0.458797,0.458047,0.456959,0.456787,0.456794,0.454479,0.451725,0.449429,0.448716,0.449395,0.45002,0.450593,0.451425,0.452216,0.45291,0.453328,0.453597,0.453242,0.453973,0.454156,0.455463,0.455287,0.455158,0.454763,0.454409,0.454017,0.45377,0.453467,0.453349,0.453295,0.453305,0.453016,0.452549,0.452518,0.452293,0.451885,0.451321,0.450231,0.448381,0.44548,0.44287,0.437406,0.416989,0.358325,0.285816,0.274548,0.280052,0.27459,0.262016,0.255926,0.261939,0.266718,0.270167,0.272682,0.273296,0.272976,0.272795,0.273501,0.274837,0.275765,0.276041,0.275843
0.049,0.685314685,0.104943,0.103057,0.88953,0.61928,0.560327,0.544029,0.547001,0.528752,0.40079,0.337244,0.336764,0.33457,0.33252,0.331549,0.330823,0.331354,0.331287,0.330564,0.329485,0.328016,0.3263,0.323977,0.318506,0.303768,0.252165,0.103901,0.0830511,0.091296,0.0889281,0.0846149,0.08184,0.0814454,0.0797113,0.0746882,0.0722012,0.06898,0.0654604,0.0636229,0.0630038,0.0609998,0.0594193,0.0585331,0.0560471,0.0529843,0.0513753,0.0517409,0.054627,0.0563041,0.0569024,0.0574782,0.0575983,0.0576826,0.0578799,0.0581576,0.0572896,0.0563024,0.0561791,0.0556619,0.0557862,0.0571122,0.0572664,0.0575335,0.0579465,0.0584236,0.0588192,0.0590348,0.0588921,0.0597496,0.0615608,0.0632698,0.0648121,0.0660723,0.0670878,0.0680352,0.0687843,0.0697026,0.0705043,0.0698513,0.066746,0.0538926,0.0215194,0.00151421,0.0315193,0.0754044,0.0825524,0.0742472,0.0696355,0.0739505,0.0786651,0.0783622,0.0774584,0.076757,0.0758691,0.075557,0.0760732,0.0768291,0.0771484,0.0771659,0.0768877,0.0767129
0.081,1.132867133,0.115055,0.562763,0.826771,0.782272,0.693005,0.674755,0.68259,0.683558,0.596325,0.461767,0.437636,0.423745,0.425127,0.423411,0.422907,0.423742,0.421964,0.419995,0.416998,0.413879,0.410754,0.40644,0.398366,0.382159,0.325995,0.205706,0.214009,0.279133,0.281651,0.277501,0.275476,0.27564,0.275025,0.27384,0.272018,0.270637,0.269861,0.269951,0.269912,0.268692,0.266876,0.266481,0.267631,0.270546,0.272779,0.275834,0.27524,0.274699,0.275171,0.275938,0.27616,0.276311,0.276469,0.276368,0.27619,0.276096,0.276178,0.276521,0.277363,0.278915,0.279721,0.280369,0.280922,0.281377,0.28169,0.281885,0.281962,0.282824,0.283959,0.284606,0.284842,0.285323,0.285822,0.286025,0.285932,0.284841,0.283341,0.281321,0.278613,0.270937,0.246111,0.205356,0.188355,0.199409,0.199418,0.192415,0.185124,0.183662,0.186169,0.187383,0.189201,0.190113,0.18962,0.188825,0.188684,0.189101,0.189699,0.19016,0.190397,0.190303
0.124,1.734265734,0.129249,0.770789,1.17472,1.07251,1.03391,1.01733,1.02971,1.06175,0.847997,0.770876,0.753129,0.760818,0.757584,0.762843,0.751355,0.749753,0.749987,0.750177,0.750214,0.75033,0.750379,0.750426,0.749056,0.743349,0.687648,0.105462,0.403678,0.481953,0.4667,0.471788,0.490007,0.506031,0.516961,0.524626,0.528111,0.530474,0.531973,0.533069,0.532701,0.531991,0.530787,0.528359,0.531741,0.532995,0.532884,0.531518,0.529984,0.528686,0.527445,0.52674,0.525704,0.524475,0.523489,0.52247,0.521049,0.519738,0.518544,0.517292,0.516235,0.515372,0.514475,0.513425,0.51241,0.511517,0.51065,0.509809,0.508534,0.507407,0.50648,0.505318,0.504319,0.503139,0.502201,0.501268,0.500223,0.498749,0.49714,0.494151,0.490779,0.482077,0.455182,0.396024,0.30694,0.294431,0.303629,0.305845,0.298288,0.292045,0.295404,0.298811,0.302721,0.306089,0.306635,0.30483,0.30335,0.303129,0.303762,0.30466,0.305076,0.304918
0.163,2.27972028,0.11788,0.751505,0.887475,0.775352,0.730898,0.712657,0.722205,0.734268,0.539903,0.432778,0.39957,0.387617,0.382113,0.379006,0.375563,0.37302,0.370738,0.367935,0.364494,0.360813,0.35681,0.351532,0.342203,0.319551,0.241806,0.171708,0.215298,0.288269,0.291187,0.287298,0.286661,0.288166,0.287734,0.28721,0.285596,0.284082,0.282583,0.280763,0.278628,0.276199,0.273364,0.275649,0.284472,0.28577,0.285149,0.283603,0.280571,0.277715,0.275818,0.276055,0.276836,0.277654,0.278591,0.279426,0.279831,0.280566,0.281081,0.281688,0.282195,0.283157,0.283913,0.284393,0.284843,0.285497,0.286026,0.2867,0.287113,0.288202,0.289253,0.289756,0.290735,0.291144,0.291576,0.291752,0.291485,0.290387,0.289154,0.287401,0.285223,0.278741,0.2556,0.201283,0.168434,0.189981,0.198493,0.194009,0.185782,0.187027,0.195006,0.197805,0.197884,0.198056,0.196873,0.195539,0.195207,0.195635,0.195969,0.195866,0.19556,0.195196
0.202,2.825174825,0.105865,0.215732,0.726646,0.52569,0.442817,0.41476,0.425199,0.430842,0.395527,0.348042,0.330522,0.323011,0.317645,0.314999,0.313512,0.313016,0.312567,0.312101,0.311457,0.310675,0.309533,0.307959,0.303829,0.287714,0.2303,0.100942,0.0813084,0.0886393,0.0888246,0.0849319,0.0794861,0.0748297,0.0759051,0.0781202,0.0807095,0.0846069,0.0886955,0.0918624,0.0913742,0.0905672,0.0902977,0.0906483,0.0882966,0.0874906,0.0846974,0.081443,0.0814352,0.0827232,0.0846736,0.0858159,0.086729,0.0873711,0.0880348,0.0884955,0.0888217,0.0890754,0.0892722,0.0895379,0.0902981,0.091094,0.0919575,0.0926943,0.0934407,0.0945911,0.0961032,0.0975905,0.098718,0.100148,0.101926,0.10371,0.105557,0.107281,0.108955,0.110511,0.111758,0.112977,0.113313,0.112936,0.111357,0.103018,0.0796127,0.050128,0.0578583,0.0908916,0.0959051,0.0858437,0.0803352,0.083508,0.0873886,0.0869717,0.0866073,0.0857366,0.0844147,0.0837905,0.0841051,0.0847094,0.0850439,0.0850629,0.0848164,0.0846604
0.246,3.440559441,0.122469,0.658132,1.04795,0.926421,0.853971,0.84329,0.855229,0.720937,0.651632,0.56641,0.569193,0.575971,0.566169,0.566867,0.558941,0.553606,0.557166,0.549726,0.549216,0.551049,0.554501,0.544205,0.534637,0.514481,0.311356,0.0600259,0.29261,0.373954,0.36837,0.370696,0.37688,0.380711,0.382464,0.382502,0.381217,0.3795,0.378366,0.377058,0.375463,0.374359,0.373436,0.372321,0.372325,0.370016,0.366447,0.364657,0.364366,0.364968,0.367256,0.36963,0.371365,0.3726,0.373722,0.374638,0.37536,0.375713,0.375999,0.376249,0.376593,0.376733,0.377009,0.377331,0.377979,0.378709,0.379452,0.379858,0.379996,0.380117,0.380203,0.380444,0.380567,0.380588,0.380501,0.380214,0.379664,0.3794,0.378116,0.375975,0.373434,0.367473,0.351391,0.304114,0.248119,0.240138,0.243331,0.242649,0.236998,0.234141,0.237844,0.24007,0.241527,0.241956,0.241042,0.239685,0.238718,0.238643,0.238937,0.239186,0.239261,0.239085
0.286,4,0.128593,0.757082,1.03194,1.05497,0.976573,0.954779,0.963902,0.78482,0.714979,0.669956,0.699767,0.696027,0.688334,0.689404,0.691467,0.695268,0.696301,0.696689,0.697197,0.697118,0.697647,0.696494,0.691325,0.640366,0.285439,0.00195335,0.269288,0.37524,0.355415,0.357234,0.372651,0.384468,0.392835,0.39669,0.398296,0.398461,0.399637,0.400323,0.399549,0.399143,0.398602,0.397589,0.39616,0.393912,0.393964,0.396277,0.398694,0.400935,0.403885,0.406632,0.408466,0.41032,0.412176,0.41384,0.415116,0.416323,0.417558,0.418803,0.419707,0.420406,0.421003,0.421605,0.422368,0.423102,0.42368,0.424191,0.424562,0.425681,0.426788,0.427963,0.428578,0.428974,0.42904,0.429056,0.428859,0.428537,0.428268,0.427173,0.426731,0.422962,0.409684,0.342335,0.264002,0.250871,0.265637,0.273152,0.266953,0.260782,0.265959,0.269505,0.271613,0.273047,0.272327,0.270494,0.269152,0.268888,0.269055,0.269297,0.269322,0.269062
0.325,4.545454545,0.106394,0.503981,0.717238,0.584534,0.536184,0.541181,0.541329,0.523587,0.456306,0.399053,0.377051,0.372937,0.366062,0.36298,0.362056,0.362319,0.362268,0.361251,0.36026,0.358892,0.357495,0.35475,0.345993,0.317433,0.231308,0.11854,0.0919811,0.097153,0.0956077,0.0886825,0.0823419,0.0769994,0.0732114,0.0708588,0.0710578,0.0736267,0.0753958,0.0749159,0.0733879,0.0710306,0.0690583,0.0668403,0.0660073,0.0655379,0.0652548,0.0637421,0.0621051,0.0612863,0.0604975,0.0593611,0.0585192,0.0577705,0.0569036,0.0559349,0.05495,0.0546375,0.0544385,0.0542914,0.0545233,0.0547025,0.0547581,0.0550441,0.0553823,0.0557178,0.0557826,0.0555122,0.0547192,0.0550524,0.0564345,0.0574512,0.0575758,0.0576553,0.057716,0.0579394,0.0580131,0.0581229,0.0582475,0.0581927,0.0583466,0.0510963,0.0114328,-0.0313968,-0.0169344,0.0384776,0.0617728,0.0638361,0.0590978,0.0605535,0.0661596,0.0678874,0.0685068,0.0685452,0.0672473,0.0660268,0.0658681,0.0663523,0.0666483,0.0667617,0.0665524,0.0662918
0.357,4.993006993,0.106394,0.503981,0.717238,0.584534,0.536184,0.541181,0.541329,0.523587,0.456306,0.399053,0.377051,0.372937,0.366062,0.36298,0.362056,0.362319,0.362268,0.361251,0.36026,0.358892,0.357495,0.35475,0.345993,0.317433,0.231308,0.11854,0.0919811,0.097153,0.0956077,0.0886825,0.0823419,0.0769994,0.0732114,0.0708588,0.0710578,0.0736267,0.0753958,0.0749159,0.0733879,0.0710306,0.0690583,0.0668403,0.0660073,0.0655379,0.0652548,0.0637421,0.0621051,0.0612863,0.0604975,0.0593611,0.0585192,0.0577705,0.0569036,0.0559349,0.05495,0.0546375,0.0544385,0.0542914,0.0545233,0.0547025,0.0547581,0.0550441,0.0553823,0.0557178,0.0557826,0.0555122,0.0547192,0.0550524,0.0564345,0.0574512,0.0575758,0.0576553,0.057716,0.0579394,0.0580131,0.0581229,0.0582475,0.0581927,0.0583466,0.0510963,0.0114328,-0.0313968,-0.0169344,0.0384776,0.0617728,0.0638361,0.0590978,0.0605535,0.0661596,0.0678874,0.0685068,0.0685452,0.0672473,0.0660268,0.0658681,0.0663523,0.0666483,0.0667617,0.0665524,0.0662918
0.399,5.58041958,0.107994,0.309039,0.725463,0.665758,0.612246,0.61879,0.620985,0.628782,0.510947,0.433591,0.417503,0.416713,0.413089,0.407748,0.403777,0.402467,0.401714,0.400848,0.399867,0.398548,0.397427,0.394549,0.384909,0.353115,0.261825,0.162415,0.13485,0.146278,0.147878,0.143042,0.13953,0.136694,0.135541,0.134366,0.132877,0.131978,0.131117,0.130525,0.133477,0.136888,0.136724,0.136598,0.13711,0.137042,0.137072,0.137266,0.138327,0.140659,0.142948,0.144665,0.146229,0.147969,0.14967,0.151244,0.153081,0.155492,0.15711,0.158525,0.160434,0.161488,0.162662,0.163958,0.165155,0.165844,0.165865,0.164811,0.163343,0.162339,0.161557,0.160953,0.159969,0.159098,0.158258,0.157484,0.15642,0.155598,0.154639,0.153515,0.152735,0.146596,0.120415,0.0691951,0.063682,0.0992757,0.110287,0.100739,0.0938708,0.0979762,0.10515,0.107513,0.108047,0.107601,0.106473,0.105834,0.105784,0.106213,0.106662,0.106756,0.106579,0.106341
0.43,6.013986014,0.128674,0.691467,1.07979,1.07346,1.02381,0.993524,1.00433,1.03876,0.780622,0.719272,0.720367,0.726188,0.727876,0.725575,0.725265,0.724589,0.725936,0.72707,0.728365,0.730262,0.732338,0.734039,0.731098,0.70924,0.393166,0.0352158,0.369246,0.452414,0.437645,0.442267,0.45316,0.462511,0.468725,0.473012,0.47493,0.475558,0.476511,0.477706,0.479553,0.479899,0.48002,0.481686,0.482956,0.483253,0.483257,0.483604,0.483926,0.482949,0.48192,0.481136,0.480064,0.478819,0.477619,0.476419,0.475165,0.473881,0.472595,0.47141,0.470181,0.469182,0.468219,0.46724,0.466209,0.465289,0.4644,0.463403,0.46213,0.460696,0.459282,0.457914,0.45671,0.455469,0.45423,0.453033,0.451855,0.450934,0.450004,0.447573,0.445241,0.437955,0.414651,0.352213,0.268541,0.250898,0.259289,0.255409,0.242824,0.23687,0.241238,0.246035,0.250832,0.253708,0.253547,0.251646,0.249741,0.249079,0.249505,0.250319,0.250803,0.250752
0.478,6.685314685,0.117624,0.622264,0.89299,0.857142,0.757031,0.754449,0.755271,0.729314,0.55131,0.443588,0.452345,0.453924,0.456733,0.461159,0.459167,0.459394,0.457665,0.45605,0.454287,0.452596,0.450605,0.447759,0.427009,0.356794,0.115435,0.0962434,0.213288,0.29797,0.297062,0.297899,0.304632,0.309537,0.31381,0.316707,0.318363,0.31794,0.316747,0.314314,0.313662,0.318187,0.317734,0.317092,0.31729,0.318048,0.319635,0.321334,0.322744,0.323642,0.324095,0.324654,0.325115,0.325371,0.325621,0.325887,0.326121,0.326313,0.326659,0.326923,0.327273,0.327556,0.327602,0.327921,0.328473,0.329411,0.330282,0.330771,0.331421,0.332374,0.332825,0.333118,0.333262,0.333404,0.333277,0.333004,0.332556,0.33213,0.331111,0.328548,0.325521,0.318036,0.299803,0.247838,0.192553,0.19094,0.195468,0.188814,0.178776,0.17726,0.183672,0.187445,0.189485,0.190457,0.189874,0.188562,0.187602,0.187462,0.187781,0.188158,0.188363,0.188259
0.51,7.132867133,0.104821,0.150203,0.59208,0.44428,0.387756,0.34992,0.35442,0.388674,0.367059,0.323419,0.296424,0.291065,0.289135,0.285043,0.282748,0.281672,0.28091,0.280271,0.279653,0.278753,0.277561,0.276008,0.265398,0.235624,0.148322,0.0317992,0.0151113,0.0249998,0.0209923,0.0137951,0.00970931,0.00908579,0.016902,0.0249414,0.0321579,0.0356434,0.039464,0.0418342,0.0441912,0.0437499,0.0452452,0.0484283,0.0531526,0.0578067,0.0599187,0.0605972,0.0619113,0.0631439,0.0644871,0.0659917,0.0673411,0.068649,0.0702513,0.0718195,0.0733125,0.0747142,0.0763453,0.0780786,0.0797666,0.0813872,0.0830457,0.0846179,0.0861038,0.0875914,0.089362,0.0911217,0.092722,0.0954109,0.0982033,0.100185,0.102017,0.103724,0.104871,0.105343,0.105467,0.105307,0.104393,0.101949,0.0980191,0.0869968,0.051485,0.0180487,0.041743,0.0783262,0.0793285,0.0673318,0.0609294,0.0659001,0.0726079,0.073803,0.0733818,0.0723749,0.0711204,0.0707704,0.0712393,0.0719447,0.0722473,0.0721623,0.0718039,0.0715635
0.552,7.72027972,0.117592,0.556955,0.892668,0.851314,0.754767,0.743591,0.751507,0.726232,0.60902,0.451365,0.444853,0.441322,0.441785,0.444823,0.444716,0.442586,0.441602,0.440074,0.438548,0.436745,0.434616,0.431826,0.413227,0.347731,0.113891,0.101754,0.218145,0.295216,0.295003,0.295584,0.301661,0.305833,0.309758,0.312392,0.313544,0.312562,0.311273,0.308653,0.3089,0.312854,0.311394,0.311233,0.31169,0.312736,0.314268,0.315611,0.316598,0.317465,0.318036,0.318634,0.319153,0.319441,0.319774,0.320193,0.320533,0.320722,0.321124,0.321372,0.32165,0.321861,0.322269,0.322555,0.323107,0.324222,0.325142,0.325392,0.326007,0.326785,0.327849,0.328247,0.32841,0.32866,0.328615,0.328546,0.328306,0.328067,0.327066,0.32458,0.321645,0.314184,0.295898,0.244068,0.188904,0.189932,0.195041,0.187587,0.177219,0.174968,0.180382,0.183442,0.185498,0.186945,0.186748,0.185595,0.184633,0.184488,0.184853,0.185273,0.185494,0.185403
0.592,8.27972028,0.128441,0.686034,1.0577,1.0823,1.01836,1.00078,1.00837,0.907142,0.764568,0.736772,0.741924,0.738246,0.730592,0.720105,0.716757,0.717592,0.718862,0.720399,0.722397,0.724154,0.726128,0.723349,0.7247,0.70723,0.382624,0.0455352,0.371033,0.448721,0.433229,0.437745,0.448344,0.457337,0.463059,0.466967,0.469107,0.469472,0.470428,0.471445,0.473319,0.473237,0.473402,0.475229,0.476612,0.47688,0.476634,0.476835,0.477576,0.477534,0.476788,0.476285,0.475542,0.474662,0.473638,0.472616,0.471433,0.470212,0.469058,0.468072,0.466969,0.466011,0.465239,0.464323,0.463353,0.462464,0.461725,0.46087,0.459691,0.458452,0.457334,0.456073,0.454901,0.453717,0.452505,0.451368,0.450176,0.449291,0.448358,0.445994,0.443914,0.436693,0.413444,0.350973,0.264216,0.243516,0.25235,0.245801,0.232703,0.227397,0.231977,0.236192,0.240098,0.242635,0.242593,0.240839,0.23892,0.238323,0.238821,0.239659,0.240114,0.240081
0.631,8.825174825,0.107999,0.520051,0.710165,0.656622,0.612613,0.614636,0.6178,0.624049,0.519858,0.437156,0.419886,0.415022,0.412403,0.405117,0.401293,0.400195,0.399223,0.39843,0.397743,0.396564,0.394691,0.391572,0.382203,0.353505,0.258372,0.162631,0.135066,0.146342,0.148185,0.143741,0.139842,0.136703,0.13495,0.13334,0.131848,0.130773,0.129836,0.129135,0.132656,0.135066,0.134616,0.134305,0.134498,0.134185,0.13413,0.134469,0.135458,0.136864,0.139158,0.1413,0.143006,0.144383,0.146027,0.147927,0.14965,0.151961,0.15377,0.155521,0.157702,0.158941,0.160191,0.161579,0.162849,0.1635,0.163582,0.162914,0.161619,0.160552,0.159763,0.159007,0.157672,0.15682,0.156054,0.155307,0.154325,0.153728,0.152986,0.152101,0.151443,0.145455,0.119173,0.0679483,0.0634006,0.101698,0.112808,0.100802,0.0939236,0.0990743,0.106652,0.108365,0.108322,0.107799,0.106738,0.106006,0.105812,0.106158,0.106531,0.106692,0.106603,0.106445
0.675,9.440559441,0.106618,0.222538,0.635876,0.592206,0.538859,0.545164,0.540912,0.524198,0.46353,0.397053,0.376776,0.370484,0.363241,0.357887,0.357151,0.357834,0.357305,0.356534,0.355852,0.354464,0.352403,0.349021,0.340451,0.315217,0.227974,0.115688,0.0907658,0.0970596,0.095092,0.0891318,0.0830128,0.0772481,0.0734593,0.0714801,0.071498,0.0736519,0.0752566,0.074875,0.0732103,0.0709568,0.0689631,0.0668426,0.065953,0.0655261,0.0653206,0.0638521,0.0620893,0.060898,0.0599718,0.058752,0.0578757,0.057029,0.0560599,0.0550625,0.0540104,0.0535589,0.0532319,0.0530265,0.0533669,0.0534316,0.0533914,0.0535536,0.0538473,0.0541439,0.0541787,0.0540782,0.0533444,0.0535489,0.0549277,0.0560672,0.0563955,0.0566522,0.0567284,0.0569385,0.0570259,0.0572447,0.0575126,0.0578987,0.0582732,0.0506386,0.0109569,-0.0330287,-0.0191082,0.0370913,0.0615373,0.0646925,0.0594889,0.0598195,0.0653759,0.0673564,0.0680704,0.0677251,0.0660695,0.0647402,0.0648024,0.0655212,0.0658945,0.0660047,0.0657866,0.0654813
0.715,10,0.128871,0.6855,1.0654,1.05286,0.977553,0.962602,0.970569,0.865423,0.709544,0.649535,0.696286,0.691997,0.684177,0.680016,0.684336,0.687724,0.68938,0.689484,0.689952,0.689947,0.689416,0.687886,0.683222,0.641735,0.275674,-0.00585556,0.27666,0.373515,0.356807,0.358538,0.373396,0.385212,0.393861,0.397694,0.398911,0.399362,0.400582,0.401222,0.400067,0.39991,0.399481,0.39867,0.397047,0.394813,0.394783,0.397124,0.399383,0.401526,0.404502,0.407127,0.409049,0.41086,0.412484,0.414351,0.415726,0.416927,0.418232,0.419407,0.420289,0.421036,0.421756,0.422555,0.423248,0.424186,0.424688,0.425133,0.425803,0.42692,0.428315,0.42952,0.43012,0.430541,0.430672,0.430607,0.430373,0.430232,0.43003,0.429102,0.42875,0.425161,0.412021,0.345431,0.267489,0.251412,0.266375,0.272981,0.265599,0.258464,0.262969,0.266565,0.268781,0.269921,0.268949,0.267085,0.265975,0.265989,0.266396,0.266722,0.266709,0.266426
0.754,10.54545455,0.122756,0.437116,1.04235,0.921426,0.852069,0.845703,0.857069,0.824958,0.62693,0.570017,0.586248,0.569597,0.5711,0.575066,0.56261,0.559544,0.555331,0.554629,0.559323,0.552877,0.551169,0.550529,0.538053,0.50183,0.298843,0.0543794,0.295187,0.373654,0.367456,0.370154,0.37651,0.38041,0.382122,0.382087,0.380738,0.379177,0.378072,0.376646,0.37512,0.37407,0.373244,0.372015,0.371956,0.368887,0.365268,0.364048,0.363887,0.364799,0.367197,0.369569,0.371276,0.37253,0.373632,0.374637,0.375409,0.375896,0.376363,0.376646,0.376928,0.377254,0.377616,0.378089,0.378611,0.379088,0.379871,0.380262,0.380456,0.38058,0.380825,0.381155,0.381413,0.38152,0.381535,0.381324,0.380988,0.380925,0.379658,0.377537,0.375069,0.369267,0.353226,0.306479,0.250294,0.241826,0.244998,0.243111,0.23681,0.234294,0.238019,0.240342,0.2417,0.242116,0.241368,0.240033,0.239031,0.239014,0.239354,0.23963,0.239674,0.239488
0.796,11.13286713,0.106125,0.151877,0.755954,0.533413,0.444426,0.414459,0.423454,0.428332,0.390102,0.349525,0.330099,0.321992,0.318383,0.315152,0.313282,0.312664,0.31214,0.311743,0.311322,0.310496,0.309483,0.307852,0.303354,0.286263,0.226587,0.0978237,0.0823003,0.0880016,0.0874639,0.0835275,0.0786043,0.0738643,0.0752042,0.0772881,0.0803119,0.0841768,0.0883301,0.0912216,0.0907241,0.0896454,0.0893779,0.0891406,0.0866285,0.0858005,0.0832645,0.0808206,0.0809193,0.082309,0.0842632,0.0853573,0.0863223,0.0871074,0.0877604,0.0883006,0.0885221,0.088728,0.088955,0.0891844,0.0897642,0.0905127,0.0912394,0.0917695,0.0924349,0.0934516,0.0949331,0.0964017,0.0973658,0.0987999,0.100744,0.102588,0.104468,0.106216,0.108076,0.109728,0.111125,0.112596,0.112781,0.112231,0.110419,0.102017,0.0789472,0.0494608,0.056342,0.0906345,0.0964698,0.0859452,0.0802,0.0839835,0.0879116,0.0875487,0.0870315,0.0861721,0.0849543,0.0845203,0.0846498,0.0851355,0.0853517,0.0854386,0.0852054,0.085066
0.838,11.72027972,0.118197,0.623428,0.938344,0.788297,0.740057,0.725273,0.72999,0.752328,0.580859,0.448839,0.391858,0.379355,0.375025,0.373939,0.370046,0.36714,0.364855,0.362674,0.359983,0.356933,0.35331,0.348352,0.338586,0.314211,0.235729,0.168366,0.212273,0.283468,0.286543,0.283119,0.282971,0.284568,0.284607,0.284577,0.282853,0.28158,0.28051,0.279016,0.276873,0.274432,0.271841,0.275113,0.283152,0.283815,0.283083,0.282025,0.279534,0.276754,0.275244,0.275735,0.276739,0.277985,0.278587,0.279138,0.279619,0.280183,0.280749,0.281295,0.28208,0.283168,0.284232,0.285203,0.286045,0.286872,0.287551,0.288189,0.288736,0.290002,0.291376,0.292143,0.292852,0.293176,0.293737,0.294053,0.293751,0.292573,0.291449,0.289528,0.287213,0.280509,0.257873,0.204193,0.170712,0.191434,0.200737,0.197824,0.188162,0.187984,0.195653,0.198583,0.198792,0.198878,0.197734,0.196531,0.196375,0.196831,0.197132,0.196953,0.196668,0.196287
0.878,12.27972028,0.129548,0.769204,1.18697,1.07915,1.03706,1.02133,1.02872,1.06516,0.821245,0.775564,0.754207,0.757329,0.758843,0.773974,0.751173,0.748274,0.748625,0.748225,0.748229,0.748239,0.747773,0.748259,0.745717,0.740105,0.673927,0.0971065,0.401251,0.475663,0.464693,0.470668,0.488254,0.504807,0.516466,0.52413,0.528049,0.531173,0.532987,0.534516,0.534193,0.533663,0.532741,0.531289,0.533035,0.533763,0.533643,0.532442,0.531247,0.529866,0.528709,0.52789,0.526868,0.525784,0.524716,0.523505,0.522126,0.520765,0.519557,0.518271,0.517172,0.516579,0.515831,0.515152,0.514287,0.513437,0.512637,0.511703,0.510515,0.509333,0.508258,0.507225,0.50607,0.504845,0.503822,0.502765,0.501529,0.499889,0.498124,0.49495,0.491427,0.48234,0.455794,0.395522,0.303319,0.28892,0.298917,0.303423,0.295435,0.289686,0.293417,0.296819,0.30073,0.303953,0.304448,0.302642,0.300974,0.300755,0.301462,0.302304,0.30269,0.3025
0.917,12.82517483,0.115393,0.541001,0.825962,0.784542,0.697391,0.677195,0.678189,0.687284,0.575272,0.470791,0.435513,0.423619,0.422381,0.42129,0.420655,0.421691,0.420957,0.419084,0.416484,0.413859,0.410912,0.406748,0.397971,0.376388,0.312439,0.19589,0.211121,0.2767,0.279412,0.276328,0.274431,0.274703,0.274293,0.273422,0.271565,0.270325,0.269888,0.270068,0.270068,0.26832,0.266554,0.265845,0.267655,0.270326,0.273011,0.276328,0.276598,0.275841,0.276018,0.276583,0.276914,0.27704,0.276898,0.276685,0.276418,0.276629,0.276895,0.277268,0.277799,0.279569,0.280507,0.281297,0.281959,0.282435,0.282644,0.282775,0.283183,0.283989,0.284727,0.285149,0.285521,0.286023,0.286515,0.286735,0.286337,0.28581,0.284116,0.281711,0.278749,0.270747,0.245811,0.205195,0.189037,0.19798,0.198732,0.19108,0.184376,0.185067,0.18847,0.189403,0.190882,0.19209,0.191857,0.191148,0.190821,0.191093,0.19164,0.192097,0.192295,0.192242
